variant,name,samples,median_us,p95_us,max_us,mean_pixels,mean_drawn,mean_commands,min_copied,max_copied,new_calls,new_bytes,free_heap,min_free_heap,largest_free,stack_headroom
previous_copy_clip,ordinary,101,25760,26474,26569,24576,24576,210,0,0,2628,62240,7410180,7409204,7077876,23976
previous_copy_clip,ordinary_badge,101,28326,29340,29365,24576,24576,239,0,0,2628,62240,7410180,7409204,7077876,23848
previous_copy_clip,blit,101,22851,23432,23464,24576,4556,106,20020,20020,2424,48480,7410180,7409204,7077876,23480
previous_copy_clip,blit_badge,101,27023,27511,27600,24576,8742,156,15834,15834,2376,49520,7410180,7409204,7077876,23352
previous_copy_clip,ordinary_header,101,25253,25953,26083,24576,24576,149,0,0,2628,62240,7403728,7403580,7077876,23352
previous_copy_clip,blit_header,101,24399,25300,25427,24576,15294,91,9282,9282,2982,66488,7403728,7403324,7077876,23272
split_compacting,ordinary,101,29983,30513,30644,24576,24576,210,0,0,2628,62240,7410168,7409244,7077876,23976
split_compacting,ordinary_badge,101,33226,33709,33785,24576,24576,239,0,0,2628,62240,7410168,7409244,7077876,23848
split_compacting,blit,101,26462,27033,27226,24576,4556,106,20020,20020,2424,48480,7410168,7409244,7077876,23480
split_compacting,blit_badge,101,31068,31869,32221,24576,8742,156,15834,15834,2376,49520,7410168,7409244,7077876,23352
split_compacting,ordinary_header,101,24252,24801,24937,24576,24576,149,0,0,454,11912,7403704,7403592,7077876,23352
split_compacting,blit_header,101,22982,23679,23775,24576,15294,91,9282,9282,808,16160,7403704,7403336,7077876,23352
split_compacting_out_of_line,ordinary,101,27844,28327,28521,24576,24576,210,0,0,2628,62240,7410168,7409244,7077876,23976
split_compacting_out_of_line,ordinary_badge,101,31035,31534,31744,24576,24576,239,0,0,2628,62240,7410168,7409244,7077876,23848
split_compacting_out_of_line,blit,101,24803,25327,25472,24576,4556,106,20020,20020,2424,48480,7410168,7409244,7077876,23480
split_compacting_out_of_line,blit_badge,101,29297,29990,30131,24576,8742,156,15834,15834,2376,49520,7410168,7409244,7077876,23352
split_compacting_out_of_line,ordinary_header,101,23331,23907,23982,24576,24576,149,0,0,454,11912,7403704,7403592,7077876,23352
split_compacting_out_of_line,blit_header,101,22178,22994,23075,24576,15294,91,9282,9282,808,16160,7403704,7403336,7077876,23352
small_sync_wrapper,ordinary,101,28765,29440,29598,24576,24576,210,0,0,2628,62240,7410168,7409244,7077876,23976
small_sync_wrapper,ordinary_badge,101,32326,32695,32762,24576,24576,239,0,0,2628,62240,7410168,7409244,7077876,23848
small_sync_wrapper,blit,101,25480,26163,26280,24576,4556,106,20020,20020,2424,48480,7410168,7409244,7077876,23480
small_sync_wrapper,blit_badge,101,30296,31042,31191,24576,8742,156,15834,15834,2376,49520,7410168,7409244,7077876,23352
small_sync_wrapper,ordinary_header,101,23782,24428,24550,24576,24576,149,0,0,454,11912,7403704,7403592,7077876,23352
small_sync_wrapper,blit_header,101,22552,23267,23502,24576,15294,91,9282,9282,808,16160,7403704,7403336,7077876,23352
split_simple,ordinary,101,27262,27766,27908,24576,24576,210,0,0,2628,62240,7410168,7409244,7077876,23976
split_simple,ordinary_badge,101,30113,30630,30808,24576,24576,239,0,0,2628,62240,7410168,7409244,7077876,23848
split_simple,blit,101,24467,24863,24908,24576,4556,106,20020,20020,2424,48480,7410168,7409244,7077876,23480
split_simple,blit_badge,101,28704,29338,29481,24576,8742,156,15834,15834,2376,49520,7410168,7409244,7077876,23352
split_simple,ordinary_header,101,22043,22523,22660,24576,24576,149,0,0,454,11912,7403704,7403592,7077876,23352
split_simple,blit_header,101,20461,21528,21612,24576,15294,91,9282,9282,808,16160,7403704,7403336,7077876,23352
experimental_runtime_toggle,ordinary_query_off,101,29551,30257,30496,24576,24576,210,0,0,2628,62240,7410152,7409228,7077876,23976
experimental_runtime_toggle,ordinary,101,29641,30512,30614,24576,24576,210,0,0,2628,62240,7410152,7409228,7077876,23976
experimental_runtime_toggle,ordinary_badge,101,33192,33725,33881,24576,24576,239,0,0,2628,62240,7410152,7409228,7077876,23848
experimental_runtime_toggle,blit,101,26387,26900,27032,24576,4556,106,20020,20020,2424,48480,7410152,7409228,7077876,23480
experimental_runtime_toggle,blit_badge,101,31178,31799,32122,24576,8742,156,15834,15834,2376,49520,7410152,7409228,7077876,23352
experimental_runtime_toggle,ordinary_header,101,24376,24995,25202,24576,24576,149,0,0,454,11912,7403688,7403576,7077876,23352
experimental_runtime_toggle,blit_header,101,23000,23927,24039,24576,15294,91,9282,9282,808,16160,7403688,7403320,7077876,23352
