run,children,mode,median_cpu_us_per_frame,new_calls_per_frame,requested_bytes_per_frame
1,0,guaranteed_clipped,25.68,0.00,0.00
1,0,grouped_all_clipped,27.53,0.00,0.00
1,0,grouped_all_unclipped,25.97,0.00,0.00
1,0,grouped_mixed,26.23,0.00,0.00
1,8,guaranteed_clipped,28.60,0.00,0.00
1,8,grouped_all_clipped,28.60,0.00,0.00
1,8,grouped_all_unclipped,17.56,0.00,0.00
1,8,grouped_mixed,24.35,0.00,0.00
1,32,guaranteed_clipped,32.63,0.00,0.00
1,32,grouped_all_clipped,32.95,0.00,0.00
1,32,grouped_all_unclipped,10.46,0.00,0.00
1,32,grouped_mixed,21.93,0.00,0.00
2,0,guaranteed_clipped,26.29,0.00,0.00
2,0,grouped_all_clipped,27.45,0.00,0.00
2,0,grouped_all_unclipped,30.26,0.00,0.00
2,0,grouped_mixed,25.55,0.00,0.00
2,8,guaranteed_clipped,29.27,0.00,0.00
2,8,grouped_all_clipped,30.34,0.00,0.00
2,8,grouped_all_unclipped,18.86,0.00,0.00
2,8,grouped_mixed,28.99,0.00,0.00
2,32,guaranteed_clipped,37.01,0.00,0.00
2,32,grouped_all_clipped,35.98,0.00,0.00
2,32,grouped_all_unclipped,10.97,0.00,0.00
2,32,grouped_mixed,23.25,0.00,0.00
3,0,guaranteed_clipped,27.57,0.00,0.00
3,0,grouped_all_clipped,30.23,0.00,0.00
3,0,grouped_all_unclipped,30.41,0.00,0.00
3,0,grouped_mixed,28.13,0.00,0.00
3,8,guaranteed_clipped,30.11,0.00,0.00
3,8,grouped_all_clipped,30.06,0.00,0.00
3,8,grouped_all_unclipped,20.24,0.00,0.00
3,8,grouped_mixed,26.23,0.00,0.00
3,32,guaranteed_clipped,34.31,0.00,0.00
3,32,grouped_all_clipped,34.39,0.00,0.00
3,32,grouped_all_unclipped,11.42,0.00,0.00
3,32,grouped_mixed,21.93,0.00,0.00
4,0,guaranteed_clipped,38.51,0.00,0.00
4,0,grouped_all_clipped,26.01,0.00,0.00
4,0,grouped_all_unclipped,28.06,0.00,0.00
4,0,grouped_mixed,27.00,0.00,0.00
4,8,guaranteed_clipped,30.01,0.00,0.00
4,8,grouped_all_clipped,30.10,0.00,0.00
4,8,grouped_all_unclipped,18.59,0.00,0.00
4,8,grouped_mixed,25.33,0.00,0.00
4,32,guaranteed_clipped,34.19,0.00,0.00
4,32,grouped_all_clipped,34.00,0.00,0.00
4,32,grouped_all_unclipped,10.83,0.00,0.00
4,32,grouped_mixed,22.53,0.00,0.00
5,0,guaranteed_clipped,26.92,0.00,0.00
5,0,grouped_all_clipped,26.76,0.00,0.00
5,0,grouped_all_unclipped,27.04,0.00,0.00
5,0,grouped_mixed,26.63,0.00,0.00
5,8,guaranteed_clipped,29.68,0.00,0.00
5,8,grouped_all_clipped,29.82,0.00,0.00
5,8,grouped_all_unclipped,18.70,0.00,0.00
5,8,grouped_mixed,25.51,0.00,0.00
5,32,guaranteed_clipped,35.10,0.00,0.00
5,32,grouped_all_clipped,34.88,0.00,0.00
5,32,grouped_all_unclipped,11.04,0.00,0.00
5,32,grouped_mixed,22.52,0.00,0.00
